{
    "128_32-16_16-16_64": 0.4878000020980835,
    "mean-max-32_32": 0.3276999890804291,
    "mean-16_16-64_32-max": 0.3928000032901764,
    "32_64-mean-mean-mean": 0.37689998745918274,
    "16_16-16_64-128_32": 0.42640000581741333,
    "max-32_32-mean": 0.2896000146865845,
    "16_64-128_32-16_16": 0.40880000591278076,
    "mean-32_32-mean": 0.3061000108718872,
    "16_16-64_32-max-max": 0.33079999685287476
}